episode,scenario,steps,ep_reward,avg_wait,avg_queue,throughput,epsilon,loss,seconds
0,low,240,-924.4,58.92,6.97,534,0.99,0.0,0.1
1,medium,240,-2167.7,85.43,16.87,846,0.979,0.043,0.3
2,high,240,-6698.9,178.02,52.87,1104,0.969,0.6766,0.3
3,rush,240,-6291.7,148.08,49.56,1245,0.959,0.4019,0.3
4,low,240,-1040.2,70.23,7.87,517,0.948,0.3418,0.3
5,medium,240,-1840.8,74.58,14.26,813,0.938,0.5444,0.3
6,high,240,-5123.2,141.3,40.44,1094,0.927,0.568,0.3
7,rush,240,-7578.9,178.88,59.68,1162,0.917,0.5948,0.3
8,low,240,-593.1,38.68,4.32,504,0.907,0.4665,0.3
9,medium,240,-1338.3,52.38,10.28,889,0.896,1.0097,0.3
10,high,240,-4555.1,122.29,35.9,1150,0.886,0.8774,0.3
11,rush,240,-9508.3,227.71,74.96,1094,0.876,0.6211,0.3
12,low,240,-752.6,51.61,5.6,486,0.865,0.7722,0.3
13,medium,240,-1416.1,56.47,10.88,873,0.855,1.1003,0.3
14,high,240,-4234.3,113.14,33.39,1195,0.845,1.0383,0.3
15,rush,240,-8576.8,196.11,67.88,1168,0.834,1.0766,0.3
16,low,240,-650.3,40.64,4.79,545,0.824,0.436,0.3
17,medium,240,-1562.0,61.16,12.05,891,0.813,1.0211,0.3
18,high,240,-3360.7,95.27,26.41,1189,0.803,0.872,0.3
19,rush,240,-5424.6,134.98,42.86,1214,0.793,1.1261,0.3
20,low,240,-631.5,41.17,4.66,523,0.782,0.9874,0.3
21,medium,240,-1481.1,58.97,11.39,889,0.772,1.5229,0.3
22,high,240,-2362.9,68.22,18.48,1212,0.762,1.9237,0.3
23,rush,240,-5898.3,140.01,46.63,1313,0.751,1.4755,0.3
24,low,240,-640.0,39.5,4.72,550,0.741,1.3712,0.3
25,medium,240,-1119.7,44.46,8.53,869,0.731,1.0239,0.3
26,high,240,-2756.9,76.15,21.65,1262,0.72,1.6017,0.3
27,rush,240,-4184.3,99.34,33.05,1433,0.71,0.4945,0.3
28,low,240,-521.9,32.86,3.77,539,0.699,1.2004,0.3
29,medium,240,-1158.6,45.01,8.84,910,0.689,1.774,0.3
30,high,240,-3496.7,91.95,27.52,1280,0.679,1.9732,0.3
31,rush,240,-3921.1,95.17,30.88,1354,0.668,1.5417,0.3
32,low,240,-505.5,32.59,3.67,524,0.658,1.3595,0.3
33,medium,240,-1037.3,40.53,7.88,897,0.648,0.7381,0.3
34,high,240,-2301.7,61.29,17.97,1291,0.637,0.905,0.3
35,rush,240,-3573.9,87.76,28.15,1363,0.627,0.9601,0.3
36,low,240,-541.1,36.24,3.91,493,0.617,1.58,0.3
37,medium,240,-1020.5,40.66,7.73,860,0.606,1.1489,0.3
38,high,240,-3014.3,78.3,23.63,1324,0.596,0.6151,0.3
39,rush,240,-4275.5,101.68,33.72,1377,0.585,0.6897,0.3
40,low,240,-494.6,31.59,3.55,525,0.575,1.3563,0.3
41,medium,240,-1025.7,38.57,7.77,916,0.565,1.25,0.3
42,high,240,-1979.1,52.71,15.4,1302,0.554,1.6958,0.3
43,rush,240,-4077.3,96.08,32.21,1424,0.544,1.3122,0.3
44,low,240,-529.4,31.73,3.82,567,0.534,1.5915,0.3
45,medium,240,-1058.0,39.95,8.03,931,0.523,0.8831,0.3
46,high,240,-2504.8,65.4,19.61,1342,0.513,0.8661,0.3
47,rush,240,-4488.5,106.72,35.45,1362,0.503,1.7422,0.3
48,low,240,-505.3,30.55,3.64,556,0.492,0.6943,0.3
49,medium,240,-995.5,37.54,7.54,935,0.482,1.3312,0.3
50,high,240,-2285.1,59.87,17.87,1376,0.471,0.8108,0.3
51,rush,240,-3231.3,74.31,25.45,1526,0.461,0.6205,0.3
52,low,240,-497.4,31.05,3.57,527,0.451,0.8441,0.3
53,medium,240,-905.2,35.4,6.82,883,0.44,0.211,0.3
54,high,240,-1765.7,46.36,13.71,1341,0.43,0.4084,0.3
55,rush,240,-3090.6,73.8,24.28,1456,0.42,2.2597,0.3
56,low,240,-502.1,31.03,3.62,536,0.409,2.6983,0.3
57,medium,240,-808.3,31.68,6.04,897,0.399,1.4419,0.3
58,high,240,-2071.1,53.93,16.15,1353,0.389,1.7301,0.3
59,rush,240,-3009.3,73.63,23.67,1448,0.378,1.4487,0.3
60,low,240,-410.5,27.4,2.89,496,0.368,0.7287,0.3
61,medium,240,-742.4,28.63,5.54,904,0.357,1.4166,0.3
62,high,240,-1952.7,50.89,15.19,1339,0.347,0.4606,0.3
63,rush,240,-2533.4,59.79,19.85,1471,0.337,1.0301,0.3
64,low,240,-461.5,27.01,3.3,572,0.326,1.1354,0.3
65,medium,240,-840.1,31.41,6.31,935,0.316,1.3792,0.3
66,high,240,-1849.0,48.21,14.39,1382,0.306,0.5156,0.3
67,rush,240,-1932.7,48.01,15.06,1433,0.295,0.4166,0.3
68,low,240,-432.7,25.95,3.09,553,0.285,0.404,0.3
69,medium,240,-794.6,30.37,5.96,907,0.275,0.473,0.3
70,high,240,-1761.3,46.52,13.69,1351,0.264,0.4646,0.3
71,rush,240,-2577.1,60.65,20.26,1504,0.254,0.4437,0.3
72,low,240,-421.7,25.14,3.02,556,0.243,1.4308,0.3
73,medium,240,-846.9,32.31,6.36,927,0.233,0.8582,0.3
74,high,240,-1944.2,48.09,15.16,1424,0.223,1.2583,0.3
75,rush,240,-2344.5,56.55,18.36,1462,0.212,1.5542,0.3
76,low,240,-406.0,25.78,2.89,531,0.202,0.2899,0.3
77,medium,240,-748.4,28.23,5.59,930,0.192,0.3657,0.3
78,high,240,-1435.2,37.78,11.07,1335,0.181,0.8866,0.3
79,rush,240,-2136.5,50.65,16.7,1505,0.171,2.1317,0.3
80,low,240,-336.5,21.73,2.34,500,0.161,0.1279,0.3
81,medium,240,-767.7,28.42,5.75,943,0.15,1.0238,0.3
82,high,240,-1551.3,39.26,12.0,1402,0.14,0.9049,0.3
83,rush,240,-2068.5,50.23,16.17,1460,0.129,1.1134,0.3
84,low,240,-394.8,23.9,2.8,545,0.119,0.2725,0.3
85,medium,240,-694.7,27.2,5.15,895,0.109,1.2871,0.3
86,high,240,-1475.8,38.95,11.4,1355,0.098,1.5912,0.3
87,rush,240,-2194.8,51.88,17.21,1507,0.088,1.0036,0.3
88,low,240,-385.2,24.24,2.75,530,0.078,0.6412,0.3
89,medium,240,-708.3,26.13,5.28,944,0.067,0.6935,0.3
90,high,240,-1418.0,36.97,10.94,1341,0.057,0.7414,0.3
91,rush,240,-1799.4,41.87,14.0,1534,0.05,0.6576,0.3
92,low,240,-351.7,22.71,2.5,517,0.05,1.547,0.3
93,medium,240,-678.1,27.05,5.06,879,0.05,0.4787,0.3
94,high,240,-1598.0,41.68,12.43,1379,0.05,0.9405,0.3
95,rush,240,-1836.6,44.23,14.33,1479,0.05,0.6003,0.3
96,low,240,-383.2,24.93,2.75,522,0.05,0.8849,0.3
97,medium,240,-764.2,28.47,5.77,949,0.05,0.8009,0.3
98,high,240,-1488.1,39.66,11.54,1343,0.05,0.5503,0.3
99,rush,240,-1945.3,45.5,15.2,1525,0.05,0.502,0.3
100,low,240,-398.0,24.44,2.85,541,0.05,0.881,0.3
101,medium,240,-731.3,27.52,5.47,934,0.05,1.7831,0.3
102,high,240,-1425.8,37.13,11.03,1389,0.05,1.1611,0.3
103,rush,240,-2057.5,49.05,16.09,1487,0.05,0.8377,0.3
104,low,240,-385.1,25.38,2.75,503,0.05,0.7097,0.3
105,medium,240,-748.8,28.18,5.62,926,0.05,0.6912,0.3
106,high,240,-1326.2,35.21,10.24,1335,0.05,0.3491,0.3
107,rush,240,-1877.1,45.24,14.65,1479,0.05,0.5598,0.3
108,low,240,-377.1,22.63,2.7,557,0.05,1.2496,0.3
109,medium,240,-718.6,28.39,5.38,895,0.05,0.7801,0.3
110,high,240,-1661.6,41.62,12.92,1431,0.05,1.1893,0.3
111,rush,240,-1712.1,41.87,13.34,1456,0.05,1.1313,0.3
