scenario,controller,avg_waiting_time,avg_queue,throughput,avg_speed,fuel_ml,co2_g,emergency_clearance_time
high,fixed_time,68.65606229350587,20.075,2002.0,2.6150443784476094,72163.80000000005,166698.3780000001,80.0
high,max_pressure,35.564876013923254,10.369305555555556,2051.0,4.269432280263178,51675.90000000002,119371.32900000019,42.0
high,rl,35.16860244924168,10.249074074074073,2057.6666666666665,4.308908512769911,51424.29999999999,118790.13300000003,41.666666666666664
low,fixed_time,26.29315423695139,2.9673148148148147,808.0,5.2546104871708845,17982.199999999957,41538.88199999996,26.0
low,max_pressure,19.22399537278521,2.1620370370370368,808.6666666666666,6.393728833541995,16254.200000000019,37547.201999999925,26.333333333333332
low,rl,22.312566589246448,2.5143055555555556,807.0,5.786038406046665,16992.600000000006,39252.906000000025,20.0
medium,fixed_time,34.32967036631609,6.791250000000001,1399.0,4.443031788238353,34681.49999999998,80114.26499999996,28.666666666666668
medium,max_pressure,22.5174798210054,4.437592592592593,1400.3333333333333,5.787494261164496,29589.8,68352.43799999998,36.666666666666664
medium,rl,25.240139084363502,4.98175925925926,1399.6666666666667,5.377177464774236,30756.800000000007,71048.208,18.333333333333332
rush,fixed_time,112.99884102695489,36.538657407407406,2093.3333333333335,1.7626815448480795,109423.59999999993,252768.5160000001,113.66666666666667
rush,max_pressure,50.54201861921134,16.30847222222222,2246.0,3.336922211249108,67558.50000000001,156060.13500000018,39.333333333333336
rush,rl,43.88850783389001,14.138703703703703,2253.3333333333335,3.668057518650965,62898.199999999975,145294.84200000032,32.666666666666664
