avg_waiting_time,avg_queue,avg_queue_total,throughput,avg_speed,avg_vehicles,fuel_ml,co2_g,emergency_clearance_time,n_emergencies,controller,scenario,seed
26.879052369077307,2.953333333333333,11.813333333333333,794.0,5.200294948830909,18.831666666666667,17748.899999999976,40999.95899999997,26.0,1.0,fixed_time,low,0
25.943509615384617,2.9794444444444443,11.917777777777777,818.0,5.269101833003214,19.092222222222222,18058.199999999964,41714.441999999945,24.0,1.0,fixed_time,low,1
26.05690072639225,2.9691666666666667,11.876666666666667,812.0,5.29443467967853,19.115,18139.499999999927,41902.24499999997,28.0,1.0,fixed_time,low,2
34.228530872959546,6.640694444444445,26.56277777777778,1376.0,4.4667744635479405,38.791111111111114,34153.799999999996,78895.2779999998,26.0,1.0,fixed_time,medium,0
33.842514124293785,6.627777777777778,26.511111111111113,1391.0,4.454484977839522,38.59111111111111,33885.59999999995,78275.73599999995,30.0,1.0,fixed_time,medium,1
34.917966101694915,7.105277777777777,28.42111111111111,1430.0,4.407835923327598,41.172777777777775,36005.099999999984,83171.78100000013,30.0,1.0,fixed_time,medium,2
60.42823080591321,17.520138888888887,70.08055555555555,2007.0,2.8575019380333924,87.78166666666667,66519.3,153659.58300000045,82.0,1.0,fixed_time,high,0
70.58252895752896,20.266944444444444,81.06777777777778,1964.0,2.560248494447867,98.49111111111111,72002.40000000014,166325.54400000017,78.0,1.0,fixed_time,high,1
74.95742711707543,22.437916666666666,89.75166666666667,2035.0,2.4273827028615687,107.96388888888889,77969.70000000001,180110.0069999997,80.0,1.0,fixed_time,high,2
112.65243381725021,36.55833333333333,146.23333333333332,2102.0,1.7521197488614897,165.0311111111111,109418.40000000005,252756.5040000004,57.0,1.0,fixed_time,rush,0
98.16003498032357,31.134027777777778,124.53611111111111,2081.0,1.9520177215259118,143.19833333333332,97482.29999999992,225184.11299999946,102.0,1.0,fixed_time,rush,1
128.18405428329092,41.923611111111114,167.69444444444446,2097.0,1.5839071641568374,186.7161111111111,121370.09999999983,280364.93100000045,182.0,1.0,fixed_time,rush,2
20.01995012468828,2.1893055555555554,8.757222222222222,794.0,6.298970544790482,15.783888888888889,16112.10000000002,37218.95099999997,22.0,1.0,max_pressure,low,0
19.06971153846154,2.185138888888889,8.740555555555556,818.0,6.3856506839993,15.91611111111111,16344.299999999996,37755.33299999992,26.0,1.0,max_pressure,low,1
18.58232445520581,2.111666666666667,8.446666666666667,814.0,6.496565271836203,15.696666666666667,16306.200000000039,37667.32199999989,31.0,1.0,max_pressure,low,2
23.90489709013485,4.620416666666666,18.481666666666666,1379.0,5.580909163178101,30.695555555555554,29766.600000000002,68760.84599999995,33.0,1.0,max_pressure,medium,0
21.154661016949152,4.1325,16.53,1392.0,5.95479529531585,28.605555555555554,28488.600000000013,65808.66600000001,38.0,1.0,max_pressure,medium,1
22.4928813559322,4.559861111111111,18.239444444444445,1430.0,5.826778324999535,30.995555555555555,30514.199999999983,70487.80199999997,39.0,1.0,max_pressure,medium,2
34.89127324749642,10.0825,40.33,2029.0,4.301450110831258,58.18277777777778,50699.700000000055,117116.30700000057,55.0,1.0,max_pressure,high,0
34.03426640926641,9.749166666666667,38.99666666666667,2030.0,4.407514584398992,56.81166666666667,49918.49999999998,115311.735,36.0,1.0,max_pressure,high,1
37.76908838500694,11.27625,45.105,2094.0,4.099332145559283,63.65611111111111,54409.50000000002,125685.94499999995,35.0,1.0,max_pressure,high,2
47.158838599487616,15.254722222222222,61.01888888888889,2262.0,3.4882865531191736,81.05555555555556,65409.6,151096.17600000044,23.0,1.0,max_pressure,rush,0
44.64363795365107,14.13513888888889,56.54055555555556,2223.0,3.61590293436174,76.17222222222222,62335.20000000004,143994.31199999977,41.0,1.0,max_pressure,rush,1
59.82357930449533,19.535555555555554,78.14222222222222,2253.0,2.906577146266409,98.34833333333333,74930.70000000003,173089.91700000034,54.0,1.0,max_pressure,rush,2
22.618453865336658,2.47875,9.915,795.0,5.801429392883656,16.935555555555556,16727.4,38640.29400000002,21.0,1.0,rl,low,0
22.05048076923077,2.5295833333333335,10.118333333333334,816.0,5.764243935471529,17.302777777777777,17102.70000000002,39507.23700000007,21.0,1.0,rl,low,1
22.268765133171915,2.5345833333333334,10.138333333333334,810.0,5.7924418897848104,17.343888888888888,17147.699999999997,39611.18699999998,18.0,1.0,rl,low,2
25.98154719659333,5.026805555555556,20.107222222222223,1378.0,5.275537382327282,32.31055555555555,30627.300000000043,70749.06299999976,16.0,1.0,rl,medium,0
23.810734463276837,4.654861111111111,18.619444444444444,1389.0,5.523728544504226,30.692222222222224,29612.399999999976,68404.64400000015,16.0,1.0,rl,medium,1
25.92813559322034,5.2636111111111115,21.054444444444446,1432.0,5.3322664674912,33.80833333333333,32030.699999999997,73990.91700000007,23.0,1.0,rl,medium,2
35.88316642823081,10.37138888888889,41.48555555555556,2029.0,4.211586483819523,59.34222222222222,51329.999999999956,118572.29999999984,32.0,1.0,rl,high,0
33.63513513513514,9.634305555555555,38.53722222222222,2041.0,4.450363761298357,56.385555555555555,49724.40000000001,114863.3639999998,54.0,1.0,rl,high,1
35.987505784359094,10.741527777777778,42.96611111111111,2103.0,4.264775293191852,61.495,53218.49999999999,122934.73500000048,39.0,1.0,rl,high,2
43.8134073441503,14.166527777777778,56.666111111111114,2256.0,3.678411066118783,76.68222222222222,63025.799999999945,145589.5980000004,35.0,1.0,rl,rush,0
42.58154787931788,13.480138888888888,53.92055555555555,2227.0,3.7526423467413927,73.57555555555555,60958.19999999999,140813.44199999943,30.0,1.0,rl,rush,1
45.270568278201864,14.769444444444444,59.077777777777776,2277.0,3.5731191430927196,79.33,64710.59999999997,149481.4860000012,33.0,1.0,rl,rush,2
